[
  {
    "title": "petebacondarwin",
    "id": 15655,
    "duration": "MDQ6VXNlcjE1NjU1",
    "description": false,
   "avatar_url": "https://avatars0.githubusercontent.com/u/35996?v=4"
  },
  {
    "title": "peteba",
    "id": 1565,
    "duration": "MDQ6VXNlcjE1NjU1",
    "description": "MDQ6VXNlcjE1NjU1",
   "avatar_url": "https://avatars0.githubusercontent.com/u/35996?v=4"
  },
  {
    "title": "peteba",
    "id": 1565,
    "duration": "MDQ6VXNlcjE1NjU1",
    "description": "MDQ6VXNlcjE1NjU1",
   "avatar_url": "https://avatars0.githubusercontent.com/u/35996?v=4"
  },
  {
    "title": "peteba",
    "id": 156,
    "duration": "MDQ6VXNlcjE1NjU1",
    "description": "MDQ6VXNlcjE1NjU1",
   "avatar_url": "https://avatars0.githubusercontent.com/u/35996?v=4"
  }]